return_id,true_primary,true_sub,true_body_area
R0001,QUALITY,FABRIC,
R0002,FIT,TOO_LOOSE,
R0003,UNCLEAR,UNCLEAR,
R0004,QUALITY,FABRIC,
R0005,CHANGED_MIND,UNSPECIFIED,
R0006,FIT,TOO_TIGHT,SHOULDERS
R0007,CHANGED_MIND,UNSPECIFIED,
R0008,FIT,TOO_SHORT,LENGTH
R0009,QUALITY,STITCHING,
R0010,FIT,TOO_TIGHT,SHOULDERS
R0011,UNCLEAR,UNCLEAR,
R0012,FIT,TOO_TIGHT,SHOULDERS
R0013,QUALITY,STITCHING,
R0014,CHANGED_MIND,UNSPECIFIED,
R0015,FIT,TOO_LOOSE,
R0016,QUALITY,FABRIC,
R0017,CHANGED_MIND,UNSPECIFIED,
R0018,UNCLEAR,UNCLEAR,
R0019,QUALITY,STITCHING,
R0020,FIT,TOO_TIGHT,SHOULDERS
R0021,FIT,TOO_LOOSE,WAIST
R0022,CHANGED_MIND,UNSPECIFIED,
R0023,FIT,TOO_TIGHT,SHOULDERS
R0024,UNCLEAR,UNCLEAR,
R0025,COLOUR,LISTING_DIFFERENCE,
R0026,FIT,TOO_TIGHT,WAIST
R0027,QUALITY,FABRIC,
R0028,COLOUR,LISTING_DIFFERENCE,
R0029,FIT,TOO_TIGHT,SHOULDERS
R0030,FIT,TOO_SHORT,LENGTH
R0031,FIT,TOO_SHORT,LENGTH
R0032,CHANGED_MIND,UNSPECIFIED,
R0033,FIT,TOO_TIGHT,BUST
R0034,QUALITY,STITCHING,
R0035,FIT,TOO_SHORT,LENGTH
R0036,QUALITY,STITCHING,
R0037,FIT,TOO_TIGHT,WAIST
R0038,COLOUR,LISTING_DIFFERENCE,
R0039,QUALITY,FABRIC,
R0040,QUALITY,FABRIC,
R0041,QUALITY,FABRIC,
R0042,CHANGED_MIND,UNSPECIFIED,
R0043,FIT,TOO_TIGHT,SHOULDERS
R0044,QUALITY,STITCHING,
R0045,FIT,TOO_LONG,LENGTH
R0046,FIT,TOO_LONG,LENGTH
R0047,FIT,TOO_LOOSE,WAIST
R0048,FIT,TOO_TIGHT,WAIST
R0049,QUALITY,FABRIC,
R0050,CHANGED_MIND,UNSPECIFIED,
R0051,FIT,TOO_SHORT,LENGTH
R0052,COLOUR,LISTING_DIFFERENCE,
R0053,DAMAGE,UNSPECIFIED,
R0054,UNCLEAR,UNCLEAR,
R0055,UNCLEAR,UNCLEAR,
R0056,FIT,TOO_LOOSE,WAIST
R0057,FIT,TOO_SHORT,LENGTH
R0058,COLOUR,LISTING_DIFFERENCE,
R0059,QUALITY,FABRIC,
R0060,FIT,TOO_LOOSE,WAIST
R0061,FIT,TOO_TIGHT,WAIST
R0062,FIT,TOO_TIGHT,WAIST
R0063,QUALITY,STITCHING,
R0064,FIT,TOO_SHORT,LENGTH
R0065,FIT,TOO_SHORT,LENGTH
R0066,QUALITY,STITCHING,
R0067,FIT,TOO_LOOSE,
R0068,QUALITY,STITCHING,
R0069,QUALITY,STITCHING,
R0070,FIT,TOO_LOOSE,WAIST
R0071,CHANGED_MIND,UNSPECIFIED,
R0072,COLOUR,LISTING_DIFFERENCE,
R0073,DAMAGE,UNSPECIFIED,
R0074,UNCLEAR,UNCLEAR,
R0075,DAMAGE,UNSPECIFIED,
R0076,COLOUR,LISTING_DIFFERENCE,
R0077,QUALITY,STITCHING,
R0078,FIT,TOO_TIGHT,BUST
R0079,CHANGED_MIND,UNSPECIFIED,
R0080,CHANGED_MIND,UNSPECIFIED,
R0081,DAMAGE,UNSPECIFIED,
R0082,FIT,TOO_TIGHT,WAIST
R0083,UNCLEAR,UNCLEAR,
R0084,FIT,TOO_LOOSE,WAIST
R0085,FIT,TOO_TIGHT,WAIST
R0086,FIT,TOO_LOOSE,WAIST
R0087,QUALITY,FABRIC,
R0088,FIT,TOO_TIGHT,SHOULDERS
R0089,UNCLEAR,UNCLEAR,
R0090,FIT,TOO_TIGHT,WAIST
R0091,UNCLEAR,UNCLEAR,
R0092,CHANGED_MIND,UNSPECIFIED,
R0093,FIT,TOO_TIGHT,WAIST
R0094,DAMAGE,UNSPECIFIED,
R0095,WRONG_ITEM,UNSPECIFIED,
R0096,FIT,TOO_SHORT,LENGTH
R0097,FIT,TOO_TIGHT,SHOULDERS
R0098,FIT,TOO_LONG,LENGTH
R0099,UNCLEAR,UNCLEAR,
R0100,FIT,TOO_TIGHT,BUST
R0101,FIT,TOO_LONG,LENGTH
R0102,FIT,TOO_TIGHT,SHOULDERS
R0103,QUALITY,FABRIC,
R0104,FIT,TOO_TIGHT,WAIST
R0105,FIT,TOO_LOOSE,
R0106,CHANGED_MIND,UNSPECIFIED,
R0107,FIT,TOO_SHORT,LENGTH
R0108,QUALITY,STITCHING,
R0109,QUALITY,FABRIC,
R0110,QUALITY,FABRIC,
R0111,CHANGED_MIND,UNSPECIFIED,
R0112,FIT,TOO_LOOSE,WAIST
R0113,FIT,TOO_TIGHT,WAIST
R0114,FIT,TOO_LONG,LENGTH
R0115,FIT,TOO_TIGHT,WAIST
R0116,FIT,TOO_TIGHT,SHOULDERS
R0117,UNCLEAR,UNCLEAR,
R0118,COLOUR,LISTING_DIFFERENCE,
R0119,CHANGED_MIND,UNSPECIFIED,
R0120,QUALITY,FABRIC,
R0121,FIT,TOO_TIGHT,SHOULDERS
R0122,COLOUR,LISTING_DIFFERENCE,
R0123,COLOUR,LISTING_DIFFERENCE,
R0124,FIT,TOO_LOOSE,
R0125,FIT,TOO_TIGHT,SHOULDERS
R0126,COLOUR,LISTING_DIFFERENCE,
R0127,QUALITY,FABRIC,
R0128,FIT,TOO_TIGHT,SHOULDERS
R0129,QUALITY,FABRIC,
R0130,COLOUR,LISTING_DIFFERENCE,
R0131,UNCLEAR,UNCLEAR,
R0132,WRONG_ITEM,UNSPECIFIED,
R0133,QUALITY,FABRIC,
R0134,FIT,TOO_TIGHT,SHOULDERS
R0135,CHANGED_MIND,UNSPECIFIED,
R0136,DAMAGE,UNSPECIFIED,
R0137,WRONG_ITEM,UNSPECIFIED,
R0138,FIT,TOO_TIGHT,WAIST
R0139,FIT,TOO_TIGHT,SHOULDERS
R0140,QUALITY,FABRIC,
R0141,DAMAGE,UNSPECIFIED,
R0142,COLOUR,LISTING_DIFFERENCE,
R0143,FIT,TOO_TIGHT,BUST
R0144,FIT,TOO_LOOSE,WAIST
R0145,FIT,TOO_TIGHT,BUST
R0146,QUALITY,STITCHING,
R0147,COLOUR,LISTING_DIFFERENCE,
R0148,COLOUR,LISTING_DIFFERENCE,
R0149,WRONG_ITEM,UNSPECIFIED,
R0150,FIT,TOO_LOOSE,WAIST
R0151,CHANGED_MIND,UNSPECIFIED,
R0152,QUALITY,STITCHING,
R0153,DAMAGE,UNSPECIFIED,
R0154,FIT,TOO_TIGHT,SHOULDERS
R0155,FIT,TOO_TIGHT,WAIST
R0156,CHANGED_MIND,UNSPECIFIED,
R0157,FIT,TOO_LOOSE,
R0158,FIT,TOO_TIGHT,SHOULDERS
R0159,QUALITY,FABRIC,
R0160,FIT,TOO_LOOSE,
R0161,COLOUR,LISTING_DIFFERENCE,
R0162,DAMAGE,UNSPECIFIED,
R0163,WRONG_ITEM,UNSPECIFIED,
R0164,FIT,TOO_LONG,LENGTH
R0165,FIT,TOO_SHORT,LENGTH
R0166,UNCLEAR,UNCLEAR,
R0167,QUALITY,STITCHING,
R0168,UNCLEAR,UNCLEAR,
R0169,FIT,TOO_SHORT,LENGTH
R0170,QUALITY,FABRIC,
R0171,CHANGED_MIND,UNSPECIFIED,
R0172,WRONG_ITEM,UNSPECIFIED,
R0173,QUALITY,FABRIC,
R0174,COLOUR,LISTING_DIFFERENCE,
R0175,COLOUR,LISTING_DIFFERENCE,
R0176,FIT,TOO_SHORT,LENGTH
R0177,FIT,TOO_TIGHT,SHOULDERS
R0178,FIT,TOO_TIGHT,SHOULDERS
R0179,QUALITY,FABRIC,
R0180,FIT,TOO_SHORT,LENGTH
R0181,COLOUR,LISTING_DIFFERENCE,
R0182,COLOUR,LISTING_DIFFERENCE,
R0183,COLOUR,LISTING_DIFFERENCE,
R0184,FIT,TOO_TIGHT,SHOULDERS
R0185,UNCLEAR,UNCLEAR,
R0186,QUALITY,STITCHING,
R0187,FIT,TOO_TIGHT,BUST
R0188,CHANGED_MIND,UNSPECIFIED,
R0189,CHANGED_MIND,UNSPECIFIED,
R0190,QUALITY,FABRIC,
R0191,FIT,TOO_TIGHT,BUST
R0192,QUALITY,FABRIC,
R0193,COLOUR,LISTING_DIFFERENCE,
R0194,UNCLEAR,UNCLEAR,
R0195,DAMAGE,UNSPECIFIED,
R0196,COLOUR,LISTING_DIFFERENCE,
R0197,FIT,TOO_TIGHT,WAIST
R0198,FIT,TOO_TIGHT,SHOULDERS
R0199,COLOUR,LISTING_DIFFERENCE,
R0200,CHANGED_MIND,UNSPECIFIED,
R0201,QUALITY,FABRIC,
R0202,FIT,TOO_TIGHT,SHOULDERS
R0203,QUALITY,STITCHING,
R0204,QUALITY,STITCHING,
R0205,QUALITY,FABRIC,
R0206,FIT,TOO_TIGHT,WAIST
R0207,COLOUR,LISTING_DIFFERENCE,
R0208,FIT,TOO_TIGHT,BUST
R0209,COLOUR,LISTING_DIFFERENCE,
R0210,FIT,TOO_LOOSE,WAIST
R0211,QUALITY,FABRIC,
R0212,COLOUR,LISTING_DIFFERENCE,
R0213,FIT,TOO_LOOSE,WAIST
R0214,DAMAGE,UNSPECIFIED,
R0215,COLOUR,LISTING_DIFFERENCE,
R0216,QUALITY,STITCHING,
R0217,WRONG_ITEM,UNSPECIFIED,
R0218,CHANGED_MIND,UNSPECIFIED,
R0219,COLOUR,LISTING_DIFFERENCE,
R0220,FIT,TOO_TIGHT,WAIST
R0221,UNCLEAR,UNCLEAR,
R0222,COLOUR,LISTING_DIFFERENCE,
R0223,FIT,TOO_TIGHT,WAIST
R0224,DAMAGE,UNSPECIFIED,
R0225,FIT,TOO_LOOSE,WAIST
R0226,FIT,TOO_TIGHT,WAIST
R0227,COLOUR,LISTING_DIFFERENCE,
R0228,FIT,TOO_LOOSE,
R0229,FIT,TOO_TIGHT,SHOULDERS
R0230,QUALITY,FABRIC,
R0231,QUALITY,STITCHING,
R0232,FIT,TOO_LOOSE,WAIST
R0233,FIT,TOO_LOOSE,WAIST
R0234,WRONG_ITEM,UNSPECIFIED,
R0235,FIT,TOO_TIGHT,SHOULDERS
R0236,QUALITY,FABRIC,
R0237,DAMAGE,UNSPECIFIED,
R0238,WRONG_ITEM,UNSPECIFIED,
R0239,FIT,TOO_SHORT,LENGTH
R0240,CHANGED_MIND,UNSPECIFIED,
R0241,WRONG_ITEM,UNSPECIFIED,
R0242,COLOUR,LISTING_DIFFERENCE,
R0243,QUALITY,STITCHING,
R0244,COLOUR,LISTING_DIFFERENCE,
R0245,FIT,TOO_SHORT,LENGTH
R0246,QUALITY,STITCHING,
R0247,FIT,TOO_TIGHT,BUST
R0248,DAMAGE,UNSPECIFIED,
R0249,FIT,TOO_LOOSE,WAIST
R0250,FIT,TOO_SHORT,LENGTH
R0251,FIT,TOO_LOOSE,
R0252,FIT,TOO_TIGHT,WAIST
R0253,QUALITY,STITCHING,
R0254,FIT,TOO_TIGHT,BUST
R0255,FIT,TOO_TIGHT,SHOULDERS
R0256,FIT,TOO_TIGHT,WAIST
R0257,QUALITY,FABRIC,
R0258,QUALITY,STITCHING,
R0259,QUALITY,STITCHING,
R0260,CHANGED_MIND,UNSPECIFIED,
R0261,FIT,TOO_SHORT,LENGTH
R0262,QUALITY,FABRIC,
R0263,COLOUR,LISTING_DIFFERENCE,
R0264,COLOUR,LISTING_DIFFERENCE,
R0265,CHANGED_MIND,UNSPECIFIED,
R0266,FIT,TOO_SHORT,LENGTH
R0267,FIT,TOO_LOOSE,WAIST
R0268,COLOUR,LISTING_DIFFERENCE,
R0269,QUALITY,FABRIC,
R0270,FIT,TOO_TIGHT,SHOULDERS
R0271,FIT,TOO_TIGHT,WAIST
R0272,COLOUR,LISTING_DIFFERENCE,
R0273,COLOUR,LISTING_DIFFERENCE,
R0274,FIT,TOO_SHORT,LENGTH
R0275,FIT,TOO_TIGHT,BUST
R0276,CHANGED_MIND,UNSPECIFIED,
R0277,QUALITY,FABRIC,
R0278,FIT,TOO_TIGHT,WAIST
R0279,CHANGED_MIND,UNSPECIFIED,
R0280,FIT,TOO_TIGHT,SHOULDERS
R0281,COLOUR,LISTING_DIFFERENCE,
R0282,FIT,TOO_TIGHT,WAIST
R0283,COLOUR,LISTING_DIFFERENCE,
R0284,FIT,TOO_LOOSE,WAIST
R0285,CHANGED_MIND,UNSPECIFIED,
R0286,FIT,TOO_TIGHT,WAIST
R0287,COLOUR,LISTING_DIFFERENCE,
R0288,FIT,TOO_TIGHT,SHOULDERS
R0289,DAMAGE,UNSPECIFIED,
R0290,COLOUR,LISTING_DIFFERENCE,
R0291,COLOUR,LISTING_DIFFERENCE,
R0292,COLOUR,LISTING_DIFFERENCE,
R0293,FIT,TOO_TIGHT,SHOULDERS
R0294,QUALITY,STITCHING,
R0295,CHANGED_MIND,UNSPECIFIED,
R0296,FIT,TOO_LOOSE,
R0297,CHANGED_MIND,UNSPECIFIED,
R0298,QUALITY,FABRIC,
R0299,CHANGED_MIND,UNSPECIFIED,
R0300,UNCLEAR,UNCLEAR,
R0301,FIT,TOO_SHORT,LENGTH
R0302,COLOUR,LISTING_DIFFERENCE,
R0303,UNCLEAR,UNCLEAR,
R0304,FIT,TOO_SHORT,LENGTH
R0305,QUALITY,STITCHING,
R0306,DAMAGE,UNSPECIFIED,
R0307,FIT,TOO_TIGHT,WAIST
R0308,WRONG_ITEM,UNSPECIFIED,
R0309,FIT,TOO_TIGHT,WAIST
R0310,QUALITY,FABRIC,
R0311,COLOUR,LISTING_DIFFERENCE,
R0312,FIT,TOO_TIGHT,WAIST
R0313,QUALITY,FABRIC,
R0314,FIT,TOO_LOOSE,WAIST
R0315,WRONG_ITEM,UNSPECIFIED,
R0316,COLOUR,LISTING_DIFFERENCE,
R0317,FIT,TOO_TIGHT,SHOULDERS
R0318,FIT,TOO_TIGHT,WAIST
R0319,FIT,TOO_TIGHT,WAIST
R0320,FIT,TOO_LOOSE,WAIST
R0321,CHANGED_MIND,UNSPECIFIED,
R0322,UNCLEAR,UNCLEAR,
R0323,FIT,TOO_TIGHT,WAIST
R0324,FIT,TOO_SHORT,LENGTH
R0325,FIT,TOO_TIGHT,WAIST
R0326,QUALITY,FABRIC,
R0327,QUALITY,FABRIC,
R0328,COLOUR,LISTING_DIFFERENCE,
R0329,FIT,TOO_SHORT,LENGTH
R0330,FIT,TOO_TIGHT,SHOULDERS
R0331,FIT,TOO_LOOSE,WAIST
R0332,QUALITY,FABRIC,
R0333,FIT,TOO_LOOSE,WAIST
R0334,UNCLEAR,UNCLEAR,
R0335,CHANGED_MIND,UNSPECIFIED,
R0336,FIT,TOO_SHORT,LENGTH
R0337,COLOUR,LISTING_DIFFERENCE,
R0338,QUALITY,FABRIC,
R0339,QUALITY,STITCHING,
R0340,UNCLEAR,UNCLEAR,
R0341,UNCLEAR,UNCLEAR,
R0342,FIT,TOO_TIGHT,SHOULDERS
R0343,FIT,TOO_TIGHT,SHOULDERS
R0344,CHANGED_MIND,UNSPECIFIED,
R0345,COLOUR,LISTING_DIFFERENCE,
R0346,COLOUR,LISTING_DIFFERENCE,
R0347,DAMAGE,UNSPECIFIED,
R0348,DAMAGE,UNSPECIFIED,
R0349,FIT,TOO_LOOSE,
R0350,FIT,TOO_LOOSE,
R0351,QUALITY,FABRIC,
R0352,QUALITY,FABRIC,
R0353,COLOUR,LISTING_DIFFERENCE,
R0354,FIT,TOO_TIGHT,SHOULDERS
R0355,QUALITY,STITCHING,
R0356,UNCLEAR,UNCLEAR,
R0357,FIT,TOO_TIGHT,WAIST
R0358,QUALITY,FABRIC,
R0359,DAMAGE,UNSPECIFIED,
R0360,COLOUR,LISTING_DIFFERENCE,
R0361,FIT,TOO_SHORT,LENGTH
R0362,UNCLEAR,UNCLEAR,
R0363,QUALITY,FABRIC,
R0364,UNCLEAR,UNCLEAR,
R0365,FIT,TOO_LONG,LENGTH
R0366,FIT,TOO_TIGHT,SHOULDERS
R0367,FIT,TOO_TIGHT,SHOULDERS
R0368,FIT,TOO_SHORT,LENGTH
R0369,CHANGED_MIND,UNSPECIFIED,
R0370,WRONG_ITEM,UNSPECIFIED,
R0371,FIT,TOO_TIGHT,SHOULDERS
R0372,FIT,TOO_TIGHT,SHOULDERS
R0373,FIT,TOO_SHORT,LENGTH
R0374,QUALITY,FABRIC,
R0375,FIT,TOO_LONG,LENGTH
R0376,FIT,TOO_LOOSE,WAIST
R0377,FIT,TOO_SHORT,LENGTH
R0378,QUALITY,FABRIC,
R0379,UNCLEAR,UNCLEAR,
R0380,FIT,TOO_TIGHT,BUST
R0381,FIT,TOO_LOOSE,
R0382,UNCLEAR,UNCLEAR,
R0383,CHANGED_MIND,UNSPECIFIED,
R0384,COLOUR,LISTING_DIFFERENCE,
R0385,FIT,TOO_TIGHT,WAIST
R0386,UNCLEAR,UNCLEAR,
R0387,COLOUR,LISTING_DIFFERENCE,
R0388,QUALITY,FABRIC,
R0389,COLOUR,LISTING_DIFFERENCE,
R0390,UNCLEAR,UNCLEAR,
R0391,FIT,TOO_SHORT,LENGTH
R0392,QUALITY,FABRIC,
R0393,QUALITY,FABRIC,
R0394,FIT,TOO_SHORT,LENGTH
R0395,FIT,TOO_TIGHT,WAIST
R0396,FIT,TOO_LOOSE,WAIST
R0397,QUALITY,FABRIC,
R0398,QUALITY,FABRIC,
R0399,QUALITY,FABRIC,
R0400,QUALITY,FABRIC,
R0401,FIT,TOO_TIGHT,SHOULDERS
R0402,QUALITY,FABRIC,
R0403,DAMAGE,UNSPECIFIED,
R0404,QUALITY,STITCHING,
R0405,CHANGED_MIND,UNSPECIFIED,
R0406,CHANGED_MIND,UNSPECIFIED,
R0407,COLOUR,LISTING_DIFFERENCE,
R0408,FIT,TOO_TIGHT,SHOULDERS
R0409,FIT,TOO_TIGHT,WAIST
R0410,COLOUR,LISTING_DIFFERENCE,
R0411,COLOUR,LISTING_DIFFERENCE,
R0412,QUALITY,FABRIC,
R0413,QUALITY,FABRIC,
R0414,FIT,TOO_TIGHT,WAIST
R0415,QUALITY,FABRIC,
R0416,FIT,TOO_TIGHT,SHOULDERS
R0417,DAMAGE,UNSPECIFIED,
R0418,FIT,TOO_SHORT,LENGTH
R0419,FIT,TOO_TIGHT,WAIST
R0420,UNCLEAR,UNCLEAR,
R0421,FIT,TOO_TIGHT,SHOULDERS
R0422,FIT,TOO_TIGHT,SHOULDERS
R0423,QUALITY,STITCHING,
R0424,QUALITY,FABRIC,
R0425,CHANGED_MIND,UNSPECIFIED,
R0426,FIT,TOO_SHORT,LENGTH
R0427,FIT,TOO_LOOSE,WAIST
R0428,QUALITY,FABRIC,
R0429,QUALITY,STITCHING,
R0430,QUALITY,FABRIC,
R0431,FIT,TOO_TIGHT,BUST
R0432,FIT,TOO_TIGHT,SHOULDERS
R0433,FIT,TOO_LOOSE,WAIST
R0434,FIT,TOO_TIGHT,WAIST
R0435,COLOUR,LISTING_DIFFERENCE,
R0436,UNCLEAR,UNCLEAR,
R0437,FIT,TOO_TIGHT,SHOULDERS
R0438,FIT,TOO_TIGHT,WAIST
R0439,FIT,TOO_TIGHT,SHOULDERS
R0440,FIT,TOO_TIGHT,SHOULDERS
R0441,FIT,TOO_TIGHT,BUST
R0442,COLOUR,LISTING_DIFFERENCE,
R0443,FIT,TOO_LOOSE,WAIST
R0444,CHANGED_MIND,UNSPECIFIED,
R0445,QUALITY,FABRIC,
R0446,FIT,TOO_TIGHT,WAIST
R0447,FIT,TOO_TIGHT,SHOULDERS
R0448,FIT,TOO_LOOSE,WAIST
R0449,FIT,TOO_TIGHT,WAIST
R0450,COLOUR,LISTING_DIFFERENCE,
R0451,FIT,TOO_TIGHT,BUST
R0452,QUALITY,FABRIC,
R0453,FIT,TOO_TIGHT,SHOULDERS
R0454,CHANGED_MIND,UNSPECIFIED,
R0455,COLOUR,LISTING_DIFFERENCE,
